{"mapping":[{"path":"6242926/Material #173.json"}],"area":{"x":8.878816271342465,"y":20.623111076259114,"z":18.536044042653224,"uv":0.5039831399995081}}